load_idx,correlated_by_design,true_dV_dP,naive_median,naive_std,naive_median_error_pct,pcr_drop1 (their exact setting)_std,pcr_drop1 (their exact setting)_error_pct,pcr_drop3 (matches our 3 collinear pairs)_std,pcr_drop3 (matches our 3 collinear pairs)_error_pct
0,False,-0.0006043098085473098,-0.0006072668972166554,3.133465784224307e-05,0.48933241430087265,3.121925611898648e-05,0.6000902733057228,3.157030487319925e-05,0.6823995398260803
1,False,-0.011505868831824806,-0.011499227580332363,0.0012210370328768275,0.05772055124484093,0.0012334783707099474,0.4259308854505576,0.0012246110213756619,0.43354867502796324
2,True,-0.012450100611980375,-0.03029323121880731,0.13366666433659333,143.31714842919035,0.08046118620202812,144.42993492932777,0.0009577007920655767,31.951479309121527
3,False,-0.013292311521659883,-0.013145560304461634,0.0005500290544158196,1.1040307467877974,0.0005522326913671928,1.095738724335157,0.0005524409559517124,0.9792097798320557
4,False,-0.015464950336323557,-0.01543035905656404,0.0008453531509699177,0.2236753223934904,0.0008411759828635139,0.19268583022931682,0.0008401134255603297,0.21724776610067306
5,False,-0.01334877023974057,-0.013179657045383241,0.0007486656549207389,1.2668821071250582,0.0007461025941001474,1.2627123393817095,0.0007443546556578422,1.2390490407415244
6,False,-0.014969725570028736,-0.01513060675445448,0.0010551505366968815,1.0747102405186737,0.0010528293047250361,1.0416223791253234,0.0010548435340483452,0.930570555677071
7,True,-0.01542611799175475,0.014984825831919443,0.08682123502768117,197.13930535560385,0.07642086748491746,38.28545684742306,0.001089441145659778,31.037615135418278
8,False,-0.0005445327378117426,-0.0005483716780630385,2.6347980977746287e-05,0.7049958496094365,2.6384232758351784e-05,0.9217133127420412,2.621882121193273e-05,0.849042639780781
9,False,-0.010816821008610145,-0.009626306863316999,0.0024923421586472267,11.006136038343808,0.0024989087132279153,12.137556919652862,0.0024725455010326455,12.143524452099905
10,False,-0.0006043098085828369,-0.0005847026663353419,8.177419515637494e-05,3.2445460132469712,8.186019755740733e-05,3.0703142855077608,8.190258142778075e-05,2.812704498963791
11,False,-0.011505868831767074,-0.011124903576744985,0.0016798859916245677,3.3110513206942844,0.0016875016505246024,3.2415450193828286,0.001707216625068564,2.9445981399680754
12,False,-0.015195602873432357,-0.01733960373963245,0.00587634426128963,14.109349546473874,0.005856616295338247,12.048921863311731,0.005850034061084717,11.793717692129002
13,True,-0.013843200223977448,-0.09616646380716479,0.2420926091191352,594.6837169468963,0.18237686429495603,544.8558651578361,0.0006265685411774852,45.09241848492324
14,False,-0.014969725570368464,-0.015273680751747676,0.004652089635728171,2.030465820136422,0.004643265728842799,1.5005428981522653,0.004668561299175926,0.6029703079798945
15,False,-0.0005445327378161835,-0.0005441122176797837,8.841530613607904e-05,0.07722572674491,8.963011302394796e-05,0.0605530554881212,8.943862499247466e-05,2.3091621166880096
16,False,-0.006881226104851201,-0.009268151116256644,0.016425800636407233,34.687490690761855,0.01644961630795537,32.84251972046581,0.01621699582267584,32.7933961448483
17,False,-0.01081682101272019,-0.010991130020910605,0.0013701193497433603,1.6114622944283774,0.0013702960510164214,1.5019089842277196,0.0013697512082346912,1.4406338386996502
