predictor,vif
P2,inf
Q2,inf
Q7,inf
P7,inf
Q13,inf
P13,inf
Q4,1.0332186788945725
P11,1.0331326008528179
Q5,1.0328750106682945
P6,1.031344546869389
P17,1.0308391954464393
P12,1.0303865469214166
P4,1.0290360008988293
P9,1.0287552188214997
Q9,1.0272475453810959
P8,1.0271192282565806
Q3,1.0260601580913147
Q6,1.0259325663003411
Q12,1.0257619202110189
P5,1.023029858406376
P10,1.022538172722781
Q15,1.0224923034552373
P0,1.0222628975364636
Q14,1.020421198503166
Q17,1.0202228973801675
P3,1.0199919089568417
Q16,1.01998100474675
Q10,1.018845524350939
P1,1.0183408513129295
Q8,1.0181724805194998
P16,1.0162998697558505
Q0,1.015485087075366
P14,1.014355648487762
Q11,1.0136385960406822
Q1,1.0131303166255412
P15,1.0110247223982287
