severity,total_events,flagged,actual_violations,violations_caught,recall_pct,precision_pct
1.0,20586,3599,0,0,0.0,0.0
1.1,20586,3605,0,0,0.0,0.0
1.25,20586,3623,4,4,100.0,0.11040574109853712
1.5,20586,3680,118,118,100.0,3.206521739130435
1.75,20586,3789,332,332,100.0,8.762206386909476
2.0,20586,3919,543,543,100.0,13.855575401888236
2.5,20586,4316,567,567,100.0,13.137164040778499
3.0,20586,4786,95,95,100.0,1.9849561220225658
3.5,20586,5291,164,164,100.0,3.0996030996030997
4.0,20586,5742,294,294,100.0,5.120167189132706
5.0,20586,6692,525,525,100.0,7.845188284518828
